article_name,article_url,blog,blog_id,archive_url
追寻自我的 2025,https://imba97.com/archives/810/,怠惰のコエ - imba久期,1585,http://web.archive.org/web/20260222025929/https://imba97.com/archives/810/
站在2025的尾巴上：回顾、感恩与前行,https://www.iliuqi.com/archives/life-review-2025,云栖梦泽,,http://web.archive.org/web/20260222031310/https://www.iliuqi.com/archives/life-review-2025
2025,https://ezraknotlab.github.io/post/2025/,EzraKnotLab,1735,http://web.archive.org/web/20260222041510/https://ezraknotlab.github.io/post/2025/
2025年终总结,https://xingwangzhe.fun/posts/cbab25fa,姓王者的博客,,http://web.archive.org/web/20260222041754/https://xingwangzhe.fun/posts/cbab25fa/
【日常】2025年度总结（重磅手敲8K字）,https://notes.smallbamboo.cn/2025-year-end-review.html,小竹の笔记本,2207,http://web.archive.org/web/20251231151514/https://notes.smallbamboo.cn/2025-year-end-review.html
写于冬至之日,https://blog.chiyo.uk/posts/2025122116/,空と海,2381,http://web.archive.org/web/20260222042222/https://blog.chiyo.uk/posts/2025122116/
2025 年度总结,https://www.peterjxl.com/2025/summary/,晓林的博客,1729,
"回首乙巳，展望丙午"暨小道年终总结及新春问候特辑、套图分享,https://www.dao.js.cn/new/2026021712068.html,懋和道人,2107,
2025年终总结,https://blog.lyujp.com/2026/2025-year-end-review,闪电的自留地,790,http://web.archive.org/web/20260222042822/https://blog.lyujp.com/2026/2025-year-end-review
2025 年终总结——向内生长,https://www.qtmuniao.com/2025/12/28/2025-summary/,木鸟杂记,7,http://web.archive.org/web/20260113154934/https://www.qtmuniao.com/2025/12/28/2025-summary/
我的2025,https://xiaozhou.net/2025-summary-2025-12-31.html,iTimothy,65,http://web.archive.org/web/20260101075850/https://xiaozhou.net/2025-summary-2025-12-31.html
2025 年终总结,https://blog.forecho.com/review-of-2025.html,"forecho's Blog",92,http://web.archive.org/web/20260222055153/https://blog.forecho.com/review-of-2025.html
2025 重新定义的生活,https://diygod.cc/2025,DIYgod,28,http://web.archive.org/web/20260122034025/https://diygod.cc/2025/
2025 年终总结,https://onevcat.com/2025/12/2025-final/,OneV's Den,116,http://web.archive.org/web/20260119130937/https://onevcat.com/2025/12/2025-final/
2025 年终总结,https://ssshooter.com/2025-summary/,Usubeni Fantasy,158,http://web.archive.org/web/20260101130512/https://ssshooter.com/2025-summary/
总结2025年：反思与成长的40个问题,https://cosmo-polite.com/年终总结问卷：每年都要问自己的40个问题/,Cosmos的博客,2098,http://web.archive.org/web/20260113022738/https://cosmo-polite.com/%e5%b9%b4%e7%bb%88%e6%80%bb%e7%bb%93%e9%97%ae%e5%8d%b7%ef%bc%9a%e6%af%8f%e5%b9%b4%e9%83%bd%e8%a6%81%e9%97%ae%e8%87%aa%e5%b7%b1%e7%9a%8440%e4%b8%aa%e9%97%ae%e9%a2%98/
2025年终总结,https://jiankunking.com/2025-year-end-summary.html,衣舞晨风,2333,http://web.archive.org/web/20251220011413/https://jiankunking.com/2025-year-end-summary.html
2025 年终总结 & 博客两周年,https://howiehz.top/archives/2025-year-in-review,HowieHz,2109,
博客年终总结 ：2025 Ai贯穿工作生活,https://www.jeffer.xyz/cid/3256.html,Jeffer.Z,2270,http://web.archive.org/web/20251211092906/https://www.jeffer.xyz/cid/3256.html
2025年终总结,https://blog.notomorrow.club/posts/2025-12-16-2025年终总结/,NoTomorrow Club,2142,
2025 年终总结,https://hyoban.cc/review-2025,Hyoban,2375,http://web.archive.org/web/20260216161351/https://hyoban.cc/review-2025
2025年终总结,http://frenchpicnic.github.io/posts/62873be4/,FrenchPicnic's Nothing Life,2349,
2025 年终总结,https://yunyitang.me/2025-review/,YUNYI BLOG,2370,http://web.archive.org/web/20260102003725/https://www.yunyitang.me/2025-review/
2025年终总结与新的一年,https://blog.hantaotao.top/archives/192/,一世繁华,2196,
2025 年终总结,https://axi404.top/blog/2025,Axi's Blog,2327,http://web.archive.org/web/20260102074250/https://axi404.top/blog/2025
2025 年终总结：时间统计,https://thirdshire.com/2025-annual-review/,第三夏尔,2275,
2025年终总结——身份,https://blog.lolis.dev/index.php/archives/222/,L.R.T.,2257,
2025年 年终总结,https://blog.aulypc0x0.online/posts/daily/2025_year-end_summary/,AULyPc,2248,
【随便写写】77 & 欢度元旦 & 2025年终总结,https://skyblond.info/archives/1101.html,天空 Blond,2229,http://web.archive.org/web/20260105093538/https://skyblond.info/archives/1101.html
2025年总结,https://zhoutian.com/345.html,满心博客,2200,http://web.archive.org/web/20260212150825/https://zhoutian.com/345.html
在裂缝中见光，在艰难中前行 —— 2025个人年度总结（非工作向）,https://www.xuezhao.space/yearinreview-2025.html,海拉鲁打怪日记,2266,
2025 · 在迷失中遇见,https://kuizuo.me/blog/2025-year-end-summary,愧怍,2279,http://web.archive.org/web/20251231071656/https://kuizuo.me/blog/2025-year-end-summary/
2025 年我提了 500 个 Pull Requests,https://github.com/yihong0618/gitblog/issues/334,yihong0618,2001,http://web.archive.org/web/20251229000722/https://github.com/yihong0618/gitblog/issues/334
2025：Work Life Balance?,https://blog.longlin.tech/posts/summary-2025/,Longlin's Blog,2173,http://web.archive.org/web/20260220012752/https://blog.longlin.tech/posts/summary-2025/
我的 2025,https://www.tcdw.net/post/2025,tcdw,2368,http://web.archive.org/web/20260111220548/https://www.tcdw.net/post/2025
笑ってほしくて,https://www.manjusaka.blog/posts/2026/01/01/at-the-end-of-2025/,Manjusaka,2004,
My 2@25,https://g3rling.top/604,G3rling's Blog,2113,
2025 · 碎碎念念，岁岁年年,https://hsinyau.com/posts/2025-year-end-summary,疏影横斜,2174,http://web.archive.org/web/20260101083346/https://hsinyau.com/posts/2025-year-end-summary
我的 2025：All in DB 的第五年,https://psiace.me/zh/posts/my-2025-all-in-db-year-5/,Psiace,2380,
写在 2026 的开头,https://www.geedea.pro/posts/almanac/2025-wrapped/,Eltrac,2230,http://web.archive.org/web/20260106004632/https://www.geedea.pro/posts/almanac/2025-wrapped/
本次列车开往 2026,https://hux.ink/posts/bye2025/,Counting Stars💫,2334,http://web.archive.org/web/20260116053920/https://hux.ink/posts/bye2025/
三十八,https://yufree.cn/cn/2025/12/31/38/,于淼,2345,
2025年的事情,https://www.david03.top/index.php/archives/416/,Davidの3号基地,2255,http://web.archive.org/web/20260115233009/https://david03.top/index.php/archives/416/
总结 2025,https://blog.gplane.win/posts/summary-of-2025.html,Pig Fang,2016,
2025 年度总结,https://xxxuuu.me/post/2025summary,x³u³,2341,
2025年度总结,https://boilingfrog.github.io/2026/01/13/2025年度总结/,LiZ的博客,2343,
2025年终小记：18岁的威言威语，依然在路上,https://www.weisay.com/blog/2025-year-end-summary.html,威言威语,2292,http://web.archive.org/web/20260101091727/https://www.weisay.com/blog/2025-year-end-summary.html
2025 年度回顾,https://blog.yasking.org/a/2025-summary.html,Yasking,2084,
2025 年末总结,https://cynosura.one/posts/2025-year-end-summary/,Cynosura,2372,http://web.archive.org/web/20260108095739/https://cynosura.one/posts/2025-year-end-summary
2025 年终总结,https://dwd.moe/post/hi-2026,Bhao's Blog,2263,http://web.archive.org/web/20260104192452/https://dwd.moe/post/hi-2026
2025年终总结,https://fusionbolt.github.io/2025/12/28/Summary/summary-2025/,Homura's Blog,2209,
